District,Taluka,Village,1_BHK_Price,2_BHK_Price,3_BHK_Price,Emp_Rate,Unemp_Rate,Past_Price,Cluster,Business_Opportunity,Predicted_5Yr_Price,Estimated_Profit,ROI_Percent
Mumbai,Andheri,Versova,124.76,187.14,274.47,72.5,27.5,81.72,0,Saturated ,177.28,52.52,42.1
Mumbai,Andheri,Marol,95.62,143.44,210.37,86.73,13.27,70.31,0,Saturated ,136.02,40.4,42.3
Mumbai,Andheri,Oshiwara,142.45,213.68,313.4,73.74,26.26,97.49,0,Saturated ,202.39,59.94,42.1
Mumbai,Andheri,Sahar,82.09,123.13,180.59,76.37,23.63,57.55,0,Saturated ,116.76,34.67,42.2
Mumbai,Andheri,Chakala,81.86,122.79,180.09,75.98,24.02,59.76,0,Saturated ,116.43,34.57,42.2
Mumbai,Andheri,Lokhandwala,118.15,177.22,259.92,76.41,23.59,84.81,0,Saturated ,167.93,49.78,42.1
Mumbai,Borivali,Gorai,136.66,204.99,300.65,72.13,27.87,104.02,0,Saturated ,194.17,57.51,42.1
Mumbai,Borivali,Dahisar,128.87,193.3,283.51,78.81,21.19,81.33,0,Saturated ,183.16,54.29,42.1
Mumbai,Borivali,Magathane,147.0,220.51,323.41,78.73,21.27,90.93,0,Saturated ,208.88,61.88,42.1
Mumbai,Borivali,Eksar,86.77,130.16,190.89,88.95,11.05,62.54,0,Saturated ,123.48,36.71,42.3
Mumbai,Borivali,Shimpoli,136.5,204.75,300.3,86.59,13.41,96.54,0,Saturated ,194.03,57.53,42.1
Mumbai,Borivali,Kandivali,148.12,222.18,325.86,79.57,20.43,105.23,0,Saturated ,210.48,62.36,42.1
Mumbai,Kurla,Chunabhatti,138.06,207.09,303.73,84.37,15.63,106.63,0,Saturated ,196.23,58.17,42.1
Mumbai,Kurla,Saki Naka,120.41,180.62,264.91,86.09,13.91,73.35,0,Saturated ,171.2,50.79,42.2
Mumbai,Kurla,Vidyavihar,95.95,143.93,211.1,77.79,22.21,59.1,0,Saturated ,136.44,40.49,42.2
Mumbai,Kurla,Ghatkopar,96.3,144.44,211.85,74.02,25.98,63.13,0,Saturated ,136.91,40.61,42.2
Mumbai,Kurla,Powai,124.5,186.75,273.9,79.3,20.7,83.92,0,Saturated ,176.96,52.46,42.1
Mumbai,Bandra,Khar,94.67,142.0,208.26,77.34,22.66,74.54,0,Saturated ,134.62,39.95,42.2
Mumbai,Bandra,Santacruz,125.36,188.04,275.8,84.18,15.82,79.51,0,Saturated ,178.21,52.85,42.2
Mumbai,Bandra,Vile Parle,131.04,196.56,288.29,75.27,24.73,88.57,0,Saturated ,186.21,55.17,42.1
Mumbai,Bandra,Juhu,149.27,223.9,328.39,84.8,15.2,106.19,0,Saturated ,212.14,62.87,42.1
Mumbai,Bandra,Bandra West,127.92,191.88,281.43,88.86,11.14,96.61,0,Saturated ,181.87,53.95,42.2
Mumbai,Colaba,Cuffe Parade,96.03,144.05,211.27,72.64,27.36,63.68,0,Saturated ,136.52,40.49,42.2
Mumbai,Colaba,Navy Nagar,98.74,148.11,217.23,76.22,23.78,77.86,0,Saturated ,140.39,41.65,42.2
Mumbai,Colaba,Nariman Point,141.35,212.02,310.96,78.29,21.71,103.34,0,Saturated ,200.86,59.51,42.1
Mumbai,Colaba,Churchgate,107.69,161.54,236.93,90.29,9.71,74.5,0,Saturated ,153.17,45.48,42.2
Mumbai,Colaba,Fort,98.54,147.81,216.79,76.93,23.07,70.19,0,Saturated ,140.11,41.57,42.2
Pune,Haveli,Wagholi,41.57,62.35,91.45,81.69,18.31,32.41,1,Developing ,59.3,17.73,42.7
Pune,Haveli,Hinjawadi,44.99,67.48,98.97,74.39,25.61,35.97,1,Developing ,64.1,19.11,42.5
Pune,Haveli,Khadakwasla,47.74,71.61,105.02,71.82,28.18,29.09,1,Developing ,67.99,20.25,42.4
Pune,Haveli,Undri,37.74,56.61,83.03,82.55,17.45,28.62,1,Developing ,53.87,16.13,42.7
Pune,Haveli,Manjri,45.55,68.33,100.22,71.27,28.73,30.81,1,Developing ,64.88,19.33,42.4
Pune,Mulshi,Pirangut,59.9,89.85,131.79,80.58,19.42,47.57,1,Developing ,85.3,25.4,42.4
Pune,Mulshi,Paud,56.52,84.78,124.34,70.23,29.77,42.06,1,Developing ,80.44,23.92,42.3
Pune,Mulshi,Lavale,52.04,78.06,114.49,80.74,19.26,34.0,1,Developing ,74.15,22.11,42.5
Pune,Mulshi,Marunji,51.02,76.54,112.25,72.23,27.77,35.05,1,Developing ,72.65,21.63,42.4
Pune,Mulshi,Hinjawadi Phase 3,46.34,69.51,101.95,89.08,10.92,35.92,1,Developing ,66.11,19.77,42.7
Pune,Pune City,Kothrud,41.58,62.38,91.49,80.01,19.99,26.43,1,Developing ,59.3,17.72,42.6
Pune,Pune City,Shivajinagar,57.82,86.72,127.19,87.41,12.59,38.14,1,Developing ,82.39,24.57,42.5
Pune,Pune City,Deccan,50.97,76.46,112.14,82.18,17.82,32.14,1,Developing ,72.64,21.67,42.5
Pune,Pune City,Swargate,54.06,81.09,118.94,80.79,19.21,40.85,1,Developing ,77.01,22.95,42.5
Pune,Pune City,Koregaon Park,48.26,72.39,106.17,70.01,29.99,32.08,1,Developing ,68.72,20.46,42.4
Pune,Bhor,Bhor Town,35.49,53.23,78.07,88.58,11.42,27.53,1,Developing ,50.71,15.22,42.9
Pune,Bhor,Ambavade,55.79,83.69,122.74,76.15,23.85,34.12,1,Developing ,79.44,23.65,42.4
Pune,Bhor,Nasrapur,56.95,85.43,125.29,88.94,11.06,35.15,1,Developing ,81.17,24.22,42.5
Pune,Bhor,Kikvi,47.15,70.72,103.73,71.38,28.62,35.46,1,Developing ,67.15,20.0,42.4
Pune,Bhor,Rajgad,54.15,81.22,119.12,72.57,27.43,37.64,1,Developing ,77.09,22.94,42.4
Pune,Baramati,Baramati City,48.75,73.12,107.24,75.3,24.7,37.76,1,Developing ,69.44,20.69,42.4
Pune,Baramati,Supa,45.58,68.37,100.27,74.24,25.76,32.26,1,Developing ,64.94,19.36,42.5
Pune,Baramati,Malad BK,53.25,79.87,117.15,74.02,25.98,35.27,1,Developing ,75.82,22.57,42.4
Pune,Baramati,Songaon,59.88,89.82,131.73,83.0,17.0,41.17,1,Developing ,85.29,25.41,42.4
Pune,Baramati,Tandulwadi,47.94,71.91,105.47,72.42,27.58,30.92,1,Developing ,68.28,20.34,42.4
Thane,Thane City,Ghodbunder,41.83,62.75,92.03,79.77,20.23,27.02,1,Developing ,59.65,17.82,42.6
Thane,Thane City,Majiwada,37.71,56.56,82.96,69.42,30.58,27.39,1,Developing ,53.74,16.03,42.5
Thane,Thane City,Naupada,38.01,57.02,83.63,86.11,13.89,29.34,1,Developing ,54.27,16.26,42.8
Thane,Thane City,Wagle Estate,32.48,48.72,71.46,72.76,27.24,23.83,1,Developing ,46.34,13.86,42.7
Thane,Thane City,Kolshet,37.5,56.25,82.5,70.65,29.35,29.52,1,Developing ,53.45,15.95,42.5
Thane,Kalyan,Kalyan West,49.99,74.98,109.97,77.45,22.55,37.84,1,Developing ,71.22,21.23,42.5
Thane,Kalyan,Kalyan East,58.26,87.39,128.18,71.81,28.19,36.09,1,Developing ,82.92,24.66,42.3
Thane,Kalyan,Dombivli,45.09,67.63,99.19,76.47,23.53,31.27,1,Developing ,64.26,19.17,42.5
Thane,Kalyan,Titwala,55.52,83.28,122.14,81.47,18.53,44.24,1,Developing ,79.09,23.57,42.5
Thane,Kalyan,Ambernath,33.44,50.17,73.58,76.05,23.95,22.33,1,Developing ,47.72,14.28,42.7
Thane,Bhiwandi,Bhiwandi Town,60.16,90.24,132.35,72.97,27.03,38.38,1,Developing ,85.62,25.46,42.3
Thane,Bhiwandi,Padgha,45.7,68.55,100.54,76.44,23.56,29.97,1,Developing ,65.12,19.42,42.5
Thane,Bhiwandi,Anjur,38.74,58.11,85.24,86.47,13.53,26.68,1,Developing ,55.31,16.57,42.8
Thane,Bhiwandi,Dapode,60.15,90.22,132.32,79.01,20.99,36.7,1,Developing ,85.64,25.49,42.4
Thane,Bhiwandi,Sonale,64.97,97.46,142.94,84.72,15.28,51.57,1,Developing ,92.52,27.55,42.4
Thane,Murbad,Murbad Town,62.42,93.63,137.33,84.97,15.03,39.53,1,Developing ,88.9,26.48,42.4
Thane,Murbad,Tokawade,47.0,70.5,103.39,72.27,27.73,31.97,1,Developing ,66.94,19.94,42.4
Thane,Murbad,Shenwa,32.05,48.08,70.51,75.58,24.42,25.55,1,Developing ,45.75,13.7,42.7
Thane,Murbad,Dehrang,39.28,58.92,86.42,83.68,16.32,27.14,1,Developing ,56.06,16.78,42.7
Thane,Murbad,Malshej,44.81,67.21,98.57,87.15,12.85,35.81,1,Developing ,63.93,19.12,42.7
Nagpur,Nagpur Urban,Sitabuldi,31.12,46.67,68.45,80.37,19.63,19.64,1,Developing ,44.46,13.34,42.9
Nagpur,Nagpur Urban,Dharampeth,25.93,38.9,57.06,85.37,14.63,18.56,1,Developing ,37.13,11.2,43.2
Nagpur,Nagpur Urban,Sadar,30.84,46.27,67.86,80.96,19.04,18.86,1,Developing ,44.07,13.23,42.9
Nagpur,Nagpur Urban,Itwari,31.68,47.53,69.7,76.06,23.94,24.41,1,Developing ,45.23,13.55,42.8
Nagpur,Nagpur Urban,Mahal,23.15,34.72,50.93,85.22,14.78,14.26,1,Developing ,33.18,10.03,43.3
Nagpur,Kamptee,Kamptee Town,23.72,35.57,52.18,77.9,22.1,17.44,1,Developing ,33.94,10.22,43.1
Nagpur,Kamptee,Kapsi,24.7,37.06,54.35,68.4,31.6,19.22,2,High Opportunity ,35.28,10.58,42.8
Nagpur,Kamptee,Bhilgaon,24.92,37.39,54.83,77.89,22.11,18.04,1,Developing ,35.65,10.73,43.1
Nagpur,Kamptee,Gumthala,28.38,42.58,62.45,77.67,22.33,20.0,1,Developing ,40.56,12.18,42.9
Nagpur,Kamptee,Wadoda,38.69,58.04,85.13,70.09,29.91,28.76,1,Developing ,55.14,16.45,42.5
Nagpur,Hingna,Hingna Town,24.77,37.16,54.5,73.92,26.08,18.19,1,Developing ,35.41,10.64,43.0
Nagpur,Hingna,Wadi,26.0,39.0,57.2,72.32,27.68,19.51,1,Developing ,37.14,11.14,42.8
Nagpur,Hingna,Butibori,21.45,32.18,47.19,75.17,24.83,17.15,1,Developing ,30.71,9.26,43.2
Nagpur,Hingna,Dighori,39.92,59.88,87.83,67.47,32.53,25.65,2,High Opportunity ,56.87,16.95,42.5
Nagpur,Hingna,Kalmeshwar,25.3,37.96,55.67,84.67,15.33,19.64,1,Developing ,36.23,10.93,43.2
Nagpur,Umred,Umred Town,37.59,56.38,82.69,73.39,26.61,23.74,1,Developing ,53.6,16.01,42.6
Nagpur,Umred,Bhiwapur,36.67,55.01,80.68,80.07,19.93,26.49,1,Developing ,52.33,15.66,42.7
Nagpur,Umred,Pawni,39.74,59.62,87.44,79.08,20.92,23.91,1,Developing ,56.68,16.94,42.6
Nagpur,Umred,Kuhi,36.34,54.51,79.95,71.99,28.01,26.63,1,Developing ,51.81,15.47,42.6
Nagpur,Umred,Parseoni,38.78,58.17,85.31,68.69,31.31,24.16,1,Developing ,55.26,16.48,42.5
Nashik,Nashik City,Panchavati,20.14,30.21,44.31,76.06,23.94,13.18,1,Developing ,28.85,8.71,43.2
Nashik,Nashik City,Satpur,30.1,45.14,66.21,79.35,20.65,19.29,1,Developing ,43.01,12.91,42.9
Nashik,Nashik City,Ambad,30.68,46.03,67.51,70.28,29.72,21.41,1,Developing ,43.77,13.09,42.7
Nashik,Nashik City,Deolali,36.11,54.16,79.43,81.92,18.08,22.33,1,Developing ,51.55,15.44,42.8
Nashik,Nashik City,Makhmalabad,26.47,39.71,58.24,70.53,29.47,15.9,1,Developing ,37.8,11.33,42.8
Nashik,Malegaon,Malegaon City,33.42,50.13,73.53,77.74,22.26,21.8,1,Developing ,47.71,14.29,42.8
Nashik,Malegaon,Soygaon,32.82,49.24,72.21,76.03,23.97,22.5,1,Developing ,46.85,14.03,42.7
Nashik,Malegaon,Dyane,18.19,27.29,40.03,66.5,33.5,14.13,2,High Opportunity ,26.03,7.84,43.1
Nashik,Malegaon,Ravalgaon,36.08,54.12,79.37,75.91,24.09,27.67,1,Developing ,51.47,15.39,42.7
Nashik,Malegaon,Zodge,29.65,44.48,65.23,67.96,32.04,18.55,2,High Opportunity ,42.3,12.65,42.7
Nashik,Igatpuri,Igatpuri Town,24.17,36.25,53.16,82.98,17.02,18.35,1,Developing ,34.61,10.44,43.2
Nashik,Igatpuri,Ghoti,35.21,52.82,77.47,82.98,17.02,22.61,1,Developing ,50.28,15.07,42.8
Nashik,Igatpuri,Talegaon,22.99,34.49,50.58,67.06,32.94,17.38,2,High Opportunity ,32.84,9.85,42.8
Nashik,Igatpuri,Kasara,35.68,53.52,78.5,73.13,26.87,25.84,1,Developing ,50.89,15.21,42.6
Nashik,Igatpuri,Trimbak,21.09,31.64,46.4,83.6,16.4,16.3,1,Developing ,30.25,9.16,43.4
Nashik,Sinnar,Sinnar Town,37.52,56.29,82.55,81.22,18.78,29.13,1,Developing ,53.55,16.03,42.7
Nashik,Sinnar,Shirdi Nearby,18.5,27.74,40.69,79.73,20.27,12.33,1,Developing ,26.55,8.05,43.5
Nashik,Sinnar,Dugaon,36.62,54.92,80.56,81.04,18.96,28.3,1,Developing ,52.27,15.65,42.7
Nashik,Sinnar,Vavi,34.21,51.32,75.27,70.34,29.66,25.91,1,Developing ,48.78,14.57,42.6
Nashik,Sinnar,Pathare,20.16,30.24,44.36,82.44,17.56,15.56,1,Developing ,28.92,8.76,43.5
Aurangabad,Aurangabad City,CIDCO,21.78,32.67,47.92,80.33,19.67,15.07,1,Developing ,31.21,9.43,43.3
Aurangabad,Aurangabad City,Waluj,23.19,34.78,51.01,79.91,20.09,14.97,1,Developing ,33.2,10.01,43.2
Aurangabad,Aurangabad City,Chikalthana,18.4,27.6,40.49,67.86,32.14,12.25,2,High Opportunity ,26.33,7.93,43.1
Aurangabad,Aurangabad City,Satara Parisar,32.69,49.04,71.93,83.34,16.66,21.44,1,Developing ,46.71,14.02,42.9
Aurangabad,Aurangabad City,Garkheda,28.91,43.36,63.59,71.99,28.01,23.02,1,Developing ,41.27,12.36,42.8
Aurangabad,Khuldabad,Khuldabad Town,27.12,40.67,59.65,82.78,17.22,16.9,1,Developing ,38.8,11.68,43.1
Aurangabad,Khuldabad,Verul,34.5,51.75,75.89,67.57,32.43,27.34,2,High Opportunity ,49.18,14.68,42.6
Aurangabad,Khuldabad,Ellora,22.51,33.77,49.53,66.17,33.83,15.46,2,High Opportunity ,32.15,9.64,42.8
Aurangabad,Khuldabad,Sulibhanjan,30.39,45.58,66.85,70.27,29.73,21.92,1,Developing ,43.36,12.97,42.7
Aurangabad,Khuldabad,Devgiri,26.69,40.04,58.73,71.7,28.3,19.09,1,Developing ,38.12,11.43,42.8
Aurangabad,Paithan,Paithan Town,22.33,33.5,49.13,78.18,21.82,13.41,1,Developing ,31.97,9.64,43.2
Aurangabad,Paithan,Jayakwadi,33.73,50.6,74.22,74.77,25.23,25.09,1,Developing ,48.13,14.4,42.7
Aurangabad,Paithan,Bidkin,30.61,45.92,67.35,77.41,22.59,20.6,1,Developing ,43.72,13.11,42.8
Aurangabad,Paithan,Phulambri,19.19,28.78,42.22,77.28,22.72,12.78,1,Developing ,27.51,8.32,43.4
Aurangabad,Paithan,Ladsawangi,23.34,35.0,51.34,80.96,19.04,17.36,1,Developing ,33.42,10.08,43.2
Aurangabad,Kannad,Kannad Town,23.11,34.66,50.83,70.19,29.81,15.75,1,Developing ,33.03,9.92,42.9
Aurangabad,Kannad,Ajanta,24.84,37.26,54.65,69.91,30.09,15.54,1,Developing ,35.48,10.64,42.8
Aurangabad,Kannad,Sillod,25.15,37.72,55.32,82.81,17.19,18.5,1,Developing ,36.0,10.85,43.1
Aurangabad,Kannad,Soegaon,33.35,50.02,73.36,76.31,23.69,22.02,1,Developing ,47.6,14.25,42.7
Aurangabad,Kannad,Jalgaon nearby,27.31,40.97,60.09,64.01,35.99,17.95,2,High Opportunity ,38.95,11.64,42.6
Kolhapur,Kolhapur City,Rajarampuri,23.88,35.82,52.53,76.6,23.4,17.45,1,Developing ,34.16,10.28,43.0
Kolhapur,Kolhapur City,Shahupuri,24.44,36.66,53.77,73.84,26.16,15.71,1,Developing ,34.94,10.5,43.0
Kolhapur,Kolhapur City,Tarabai Park,24.57,36.86,54.06,83.02,16.98,18.65,1,Developing ,35.18,10.61,43.2
Kolhapur,Kolhapur City,Nagala Park,19.72,29.57,43.37,66.7,33.3,13.86,2,High Opportunity ,28.2,8.48,43.0
Kolhapur,Kolhapur City,Shivaji Peth,27.13,40.69,59.68,71.7,28.3,20.72,1,Developing ,38.74,11.61,42.8
Kolhapur,Karvir,Karvir Town,29.02,43.53,63.84,78.46,21.54,18.72,1,Developing ,41.47,12.45,42.9
Kolhapur,Karvir,Ujalaiwadi,20.19,30.28,44.41,65.49,34.51,13.1,2,High Opportunity ,28.86,8.67,42.9
Kolhapur,Karvir,Kalamba,24.6,36.9,54.12,81.99,18.01,15.12,1,Developing ,35.22,10.62,43.2
Kolhapur,Karvir,Gandhinagar,23.63,35.45,51.99,77.6,22.4,15.1,1,Developing ,33.81,10.18,43.1
Kolhapur,Karvir,Morewadi,28.14,42.21,61.91,74.89,25.11,18.26,1,Developing ,40.2,12.06,42.9
Kolhapur,Hatkanangale,Ichalkaranji,27.5,41.25,60.49,65.11,34.89,20.63,2,High Opportunity ,39.23,11.73,42.7
Kolhapur,Hatkanangale,Hatkanangale Town,29.32,43.98,64.51,67.13,32.87,20.09,2,High Opportunity ,41.82,12.5,42.6
Kolhapur,Hatkanangale,Kagal,19.81,29.72,43.59,84.16,15.84,13.94,1,Developing ,28.44,8.63,43.6
Kolhapur,Hatkanangale,Kurundwad,17.8,26.71,39.17,69.98,30.02,13.7,2,High Opportunity ,25.49,7.69,43.2
Kolhapur,Hatkanangale,Jaysingpur,24.3,36.46,53.47,81.03,18.97,17.82,1,Developing ,34.79,10.49,43.2
Kolhapur,Panhala,Panhala Town,32.81,49.21,72.17,76.91,23.09,25.92,1,Developing ,46.84,14.03,42.8
Kolhapur,Panhala,Pawankhind,31.26,46.89,68.78,77.25,22.75,23.25,1,Developing ,44.64,13.38,42.8
Kolhapur,Panhala,Kaneri,25.08,37.61,55.17,81.61,18.39,17.8,1,Developing ,35.9,10.82,43.1
Kolhapur,Panhala,Masur,31.36,47.03,68.98,79.87,20.13,21.79,1,Developing ,44.8,13.44,42.9
Kolhapur,Panhala,Washi,21.15,31.72,46.52,69.94,30.06,15.39,2,High Opportunity ,30.25,9.1,43.0
Palghar,Palghar City,Palghar Station,42.97,64.46,94.54,72.43,27.57,31.17,1,Developing ,61.23,18.26,42.5
Palghar,Palghar City,Boisar,28.24,42.36,62.12,63.55,36.45,18.56,2,High Opportunity ,40.27,12.03,42.6
Palghar,Palghar City,Tarapur,28.15,42.23,61.93,68.39,31.61,19.93,2,High Opportunity ,40.17,12.02,42.7
Palghar,Palghar City,Kelve Road,24.15,36.23,53.13,66.63,33.37,17.84,2,High Opportunity ,34.48,10.33,42.8
Palghar,Palghar City,Saphale,41.19,61.79,90.62,63.28,36.72,28.07,2,High Opportunity ,58.64,17.45,42.4
Palghar,Vasai,Vasai Town,36.28,54.42,79.81,70.32,29.68,23.27,1,Developing ,51.72,15.44,42.6
Palghar,Vasai,Virar,32.6,48.91,71.73,80.1,19.9,23.37,1,Developing ,46.56,13.96,42.8
Palghar,Vasai,Nalasopara,40.87,61.3,89.9,79.13,20.87,30.78,1,Developing ,58.29,17.42,42.6
Palghar,Vasai,Nallasopara East,31.41,47.12,69.11,62.12,37.88,21.06,2,High Opportunity ,44.76,13.35,42.5
Palghar,Vasai,Arnala,42.6,63.91,93.73,79.07,20.93,33.68,1,Developing ,60.74,18.14,42.6
Palghar,Dahanu,Dahanu Town,32.57,48.86,71.66,76.95,23.05,23.1,1,Developing ,46.5,13.93,42.8
Palghar,Dahanu,Jawhar,38.1,57.15,83.81,66.41,33.59,24.53,2,High Opportunity ,54.28,16.18,42.5
Palghar,Dahanu,Mokhada,33.08,49.61,72.77,62.58,37.42,22.07,2,High Opportunity ,47.13,14.05,42.5
Palghar,Dahanu,Talasari,40.37,60.56,88.82,70.09,29.91,25.55,1,Developing ,57.52,17.15,42.5
Palghar,Dahanu,Vikramgad,34.02,51.03,74.85,64.55,35.45,24.65,2,High Opportunity ,48.48,14.46,42.5
Raigad,Raigad,Alibag,18.73,28.09,41.2,69.88,30.12,13.35,2,High Opportunity ,26.81,8.08,43.1
Raigad,Raigad,Pen,18.73,28.1,41.21,74.85,25.15,11.75,1,Developing ,26.84,8.11,43.3
Raigad,Raigad,Panvel,30.47,45.7,67.02,63.01,36.99,20.59,2,High Opportunity ,43.43,12.96,42.5
Raigad,Raigad,Uran,23.71,35.57,52.17,68.54,31.46,17.84,2,High Opportunity ,33.87,10.16,42.9
Raigad,Raigad,Khalapur,28.24,42.35,62.12,77.04,22.96,21.64,1,Developing ,40.35,12.11,42.9
Raigad,Mangaon,Mangaon Town,24.81,37.22,54.58,63.64,36.36,14.98,2,High Opportunity ,35.4,10.59,42.7
Raigad,Mangaon,Mahad,32.56,48.85,71.64,82.0,18.0,21.81,1,Developing ,46.51,13.95,42.8
Raigad,Mangaon,Roha,35.55,53.33,78.22,77.62,22.38,25.96,1,Developing ,50.73,15.18,42.7
Raigad,Mangaon,Murud Janjira,38.36,57.55,84.4,80.99,19.01,24.55,1,Developing ,54.74,16.38,42.7
Raigad,Mangaon,Shrivardhan,18.55,27.83,40.81,65.05,34.95,11.6,2,High Opportunity ,26.53,7.98,43.0
Raigad,Karjat,Karjat Town,36.08,54.11,79.37,73.28,26.72,23.22,1,Developing ,51.45,15.37,42.6
Raigad,Karjat,Khopoli,36.89,55.33,81.15,77.34,22.66,23.37,1,Developing ,52.63,15.74,42.7
Raigad,Karjat,Pali,34.4,51.59,75.67,76.96,23.04,21.43,1,Developing ,49.09,14.69,42.7
Raigad,Karjat,Sudhagad,40.12,60.18,88.27,81.29,18.71,24.94,1,Developing ,57.24,17.12,42.7
Raigad,Karjat,Neral,18.69,28.04,41.13,68.24,31.76,13.75,2,High Opportunity ,26.75,8.06,43.1
Jalgaon,Jalgaon City,Shirsoli,21.5,32.25,47.3,67.93,32.07,15.97,2,High Opportunity ,30.73,9.23,42.9
Jalgaon,Jalgaon City,Asoda,10.91,16.37,24.01,73.81,26.19,7.91,1,Developing ,15.74,4.83,44.3
Jalgaon,Jalgaon City,Jalgaon Station,11.22,16.83,24.69,75.45,24.55,8.64,1,Developing ,16.19,4.97,44.3
Jalgaon,Jalgaon City,Bhadli,17.2,25.81,37.85,62.42,37.58,13.7,2,High Opportunity ,24.6,7.4,43.0
Jalgaon,Jalgaon City,Pimprala,19.39,29.09,42.66,66.94,33.06,13.3,2,High Opportunity ,27.73,8.34,43.0
Jalgaon,Bhusawal,Bhusawal Town,14.45,21.67,31.78,70.12,29.88,9.66,2,High Opportunity ,20.74,6.29,43.5
Jalgaon,Bhusawal,Sakegaon,20.19,30.29,44.43,76.45,23.55,12.54,1,Developing ,28.93,8.74,43.3
Jalgaon,Bhusawal,Kandari,21.53,32.29,47.36,72.71,27.29,16.49,1,Developing ,30.8,9.27,43.1
Jalgaon,Bhusawal,Kurhe,18.49,27.73,40.67,68.71,31.29,13.81,2,High Opportunity ,26.47,7.98,43.2
Jalgaon,Bhusawal,Fekari,21.59,32.38,47.49,65.4,34.6,16.44,2,High Opportunity ,30.84,9.25,42.8
Jalgaon,Chalisgaon,Chalisgaon Town,16.46,24.69,36.21,69.67,30.33,11.31,2,High Opportunity ,23.59,7.13,43.3
Jalgaon,Chalisgaon,Pachora,18.77,28.16,41.3,65.37,34.63,14.46,2,High Opportunity ,26.84,8.07,43.0
Jalgaon,Chalisgaon,Bhadgaon,19.97,29.95,43.93,61.73,38.27,15.5,2,High Opportunity ,28.52,8.55,42.8
Jalgaon,Chalisgaon,Parola,12.93,19.39,28.44,69.29,30.71,9.34,2,High Opportunity ,18.58,5.65,43.7
Jalgaon,Chalisgaon,Amalner,14.55,21.82,32.01,60.57,39.43,11.21,2,High Opportunity ,20.82,6.27,43.1
Solapur,Solapur City,Solapur North,14.91,22.36,32.8,66.24,33.76,11.33,2,High Opportunity ,21.37,6.46,43.3
Solapur,Solapur City,Solapur South,17.45,26.17,38.38,79.61,20.39,12.92,1,Developing ,25.06,7.61,43.6
Solapur,Solapur City,Barshi Road,16.42,24.63,36.12,62.2,37.8,12.97,2,High Opportunity ,23.49,7.07,43.1
Solapur,Solapur City,Vijapur Road,13.37,20.05,29.41,76.4,23.6,9.33,1,Developing ,19.25,5.88,44.0
Solapur,Solapur City,Akkalkot Road,24.13,36.2,53.09,75.81,24.19,17.6,1,Developing ,34.51,10.38,43.0
Solapur,Pandharpur,Pandharpur Town,19.85,29.78,43.68,77.86,22.14,12.28,1,Developing ,28.45,8.6,43.3
Solapur,Pandharpur,Mohol,15.55,23.32,34.2,75.84,24.16,10.28,1,Developing ,22.34,6.79,43.7
Solapur,Pandharpur,Mangalvedhe,21.3,31.96,46.87,71.47,28.53,15.04,1,Developing ,30.47,9.17,43.1
Solapur,Pandharpur,Sangola,18.81,28.21,41.38,76.92,23.08,12.53,1,Developing ,26.97,8.16,43.4
Solapur,Pandharpur,Malshiras,23.25,34.87,51.14,67.42,32.58,15.12,2,High Opportunity ,33.21,9.96,42.8
Solapur,Akkalkot,Akkalkot Town,13.93,20.9,30.65,65.85,34.15,8.69,2,High Opportunity ,19.98,6.05,43.4
Solapur,Akkalkot,Dudhani,20.57,30.86,45.26,77.24,22.76,13.1,1,Developing ,29.47,8.9,43.3
Solapur,Akkalkot,Maindargi,15.46,23.19,34.02,71.68,28.32,11.52,1,Developing ,22.18,6.72,43.5
Solapur,Akkalkot,Karmala,27.63,41.44,60.78,72.49,27.51,18.14,1,Developing ,39.46,11.83,42.8
Solapur,Akkalkot,Barshi,13.61,20.41,29.94,65.88,34.12,8.79,2,High Opportunity ,19.52,5.91,43.4
Sangli,Sangli City,Miraj,14.51,21.77,31.93,63.28,36.72,10.26,2,High Opportunity ,20.78,6.27,43.2
Sangli,Sangli City,Kupwad,15.84,23.76,34.85,82.49,17.51,11.26,1,Developing ,22.79,6.95,43.9
Sangli,Sangli City,Vishrambag,21.76,32.65,47.88,65.53,34.47,16.84,2,High Opportunity ,31.09,9.33,42.9
Sangli,Sangli City,Sangli Station,18.87,28.31,41.52,80.45,19.55,13.49,1,Developing ,27.08,8.21,43.5
Sangli,Sangli City,Ganapati Peth,18.57,27.86,40.86,71.81,28.19,11.83,1,Developing ,26.6,8.03,43.2
Sangli,Tasgaon,Tasgaon Town,12.72,19.08,27.98,81.82,18.18,8.85,1,Developing ,18.36,5.64,44.3
Sangli,Tasgaon,Vita,23.51,35.26,51.72,71.01,28.99,14.45,1,Developing ,33.6,10.09,42.9
Sangli,Tasgaon,Khanapur,20.81,31.22,45.79,64.07,35.93,13.11,2,High Opportunity ,29.73,8.92,42.9
Sangli,Tasgaon,Yelavi,19.88,29.82,43.74,69.08,30.92,15.88,2,High Opportunity ,28.44,8.56,43.1
Sangli,Tasgaon,Kavthe Mahankal,13.66,20.49,30.05,78.29,21.71,9.85,1,Developing ,19.67,6.01,44.0
Sangli,Walwa,Islampur,23.07,34.61,50.75,67.51,32.49,16.25,2,High Opportunity ,32.96,9.89,42.9
Sangli,Walwa,Walwa Town,18.31,27.46,40.28,71.85,28.15,14.14,1,Developing ,26.23,7.92,43.3
Sangli,Walwa,Ashta,25.86,38.79,56.89,69.11,30.89,18.73,2,High Opportunity ,36.93,11.07,42.8
Sangli,Walwa,Palus,20.53,30.8,45.18,77.8,22.2,16.21,1,Developing ,29.42,8.89,43.3
Sangli,Walwa,Shirala,14.91,22.36,32.8,67.22,32.78,10.92,2,High Opportunity ,21.38,6.47,43.4
Satara,Satara City,Satara North,14.36,21.53,31.58,65.48,34.52,8.83,2,High Opportunity ,20.58,6.22,43.3
Satara,Satara City,Satara South,12.04,18.06,26.49,71.01,28.99,8.65,1,Developing ,17.33,5.29,43.9
Satara,Satara City,Godoli,16.37,24.55,36.01,66.63,33.37,12.14,2,High Opportunity ,23.44,7.07,43.2
Satara,Satara City,Shaniwar Peth,22.54,33.82,49.6,71.08,28.92,16.62,1,Developing ,32.23,9.69,43.0
Satara,Satara City,Sadar Bazaar,25.86,38.79,56.89,77.76,22.24,18.75,1,Developing ,36.98,11.12,43.0
Satara,Karad,Karad Town,21.92,32.88,48.22,80.67,19.33,15.02,1,Developing ,31.41,9.49,43.3
Satara,Karad,Umbraj,20.17,30.25,44.37,74.95,25.05,15.77,1,Developing ,28.89,8.72,43.2
Satara,Karad,Masur,24.4,36.6,53.68,63.43,36.57,15.45,2,High Opportunity ,34.82,10.42,42.7
Satara,Karad,Supane,16.61,24.92,36.55,76.98,23.02,11.86,1,Developing ,23.85,7.24,43.6
Satara,Karad,Vaduj,16.33,24.49,35.92,64.49,35.51,12.05,2,High Opportunity ,23.37,7.04,43.1
Satara,Mahabaleshwar,Mahabaleshwar Town,22.5,33.74,49.49,80.85,19.15,15.75,1,Developing ,32.23,9.73,43.2
Satara,Mahabaleshwar,Panchgani,19.41,29.11,42.7,63.61,36.39,11.8,2,High Opportunity ,27.74,8.33,42.9
Satara,Mahabaleshwar,Wai,18.48,27.72,40.66,68.45,31.55,12.01,2,High Opportunity ,26.45,7.97,43.1
Satara,Mahabaleshwar,Pratapgad,13.37,20.05,29.41,81.24,18.76,10.26,1,Developing ,19.28,5.91,44.2
Satara,Mahabaleshwar,Jaoli,20.63,30.94,45.38,81.02,18.98,16.5,1,Developing ,29.58,8.95,43.4
Ratnagiri,Ratnagiri City,Ratnagiri Town,20.08,30.13,44.19,63.39,36.61,12.21,2,High Opportunity ,28.69,8.61,42.9
Ratnagiri,Ratnagiri City,Mirjole,21.34,32.02,46.96,67.41,32.59,15.58,2,High Opportunity ,30.5,9.16,42.9
Ratnagiri,Ratnagiri City,Pawas,23.74,35.61,52.23,61.63,38.37,17.02,2,High Opportunity ,33.87,10.13,42.7
Ratnagiri,Ratnagiri City,Golap,19.52,29.28,42.95,67.83,32.17,12.07,2,High Opportunity ,27.92,8.4,43.0
Ratnagiri,Ratnagiri City,Kotawde,15.22,22.83,33.48,64.67,35.33,11.17,2,High Opportunity ,21.8,6.58,43.2
Ratnagiri,Chiplun,Chiplun Town,22.87,34.3,50.31,64.6,35.4,16.89,2,High Opportunity ,32.65,9.78,42.8
Ratnagiri,Chiplun,Khed,14.32,21.48,31.51,76.9,23.1,10.92,1,Developing ,20.6,6.28,43.9
Ratnagiri,Chiplun,Lanja,18.25,27.38,40.15,67.1,32.9,12.1,2,High Opportunity ,26.11,7.86,43.1
Ratnagiri,Chiplun,Guhagar,14.85,22.27,32.67,77.4,22.6,10.11,1,Developing ,21.35,6.5,43.8
Ratnagiri,Chiplun,Dapoli,17.72,26.58,38.98,77.76,22.24,12.96,1,Developing ,25.43,7.71,43.5
Ratnagiri,Rajapur,Rajapur Town,18.14,27.21,39.91,66.26,33.74,11.56,2,High Opportunity ,25.95,7.81,43.1
Ratnagiri,Rajapur,Sakharpa,15.43,23.14,33.94,73.13,26.87,11.19,1,Developing ,22.15,6.72,43.6
Ratnagiri,Rajapur,Purnagad,21.4,32.1,47.08,62.07,37.93,15.19,2,High Opportunity ,30.55,9.15,42.8
Ratnagiri,Rajapur,Vijaydurg,23.92,35.87,52.61,66.76,33.24,17.69,2,High Opportunity ,34.16,10.24,42.8
Ratnagiri,Rajapur,Adivare,11.82,17.73,26.01,77.46,22.54,8.53,1,Developing ,17.06,5.24,44.3
Amravati,Amravati City,Camp Area,12.87,19.31,28.32,63.17,36.83,9.14,2,High Opportunity ,18.46,5.59,43.4
Amravati,Amravati City,Rajapeth,16.63,24.94,36.58,61.86,38.14,13.28,2,High Opportunity ,23.78,7.15,43.0
Amravati,Amravati City,Badnera,20.96,31.43,46.1,69.23,30.77,13.07,2,High Opportunity ,29.97,9.01,43.0
Amravati,Amravati City,Maltekdi,19.99,29.98,43.97,69.97,30.03,14.86,2,High Opportunity ,28.6,8.61,43.1
Amravati,Amravati City,Kathora,16.11,24.16,35.43,65.47,34.53,12.36,2,High Opportunity ,23.07,6.96,43.2
Amravati,Achalpur,Achalpur Town,21.76,32.64,47.88,64.87,35.13,15.46,2,High Opportunity ,31.08,9.32,42.8
Amravati,Achalpur,Paratwada,14.6,21.9,32.13,78.44,21.56,10.24,1,Developing ,21.01,6.41,43.9
Amravati,Achalpur,Chandur Bazaar,20.55,30.83,45.21,77.28,22.72,13.47,1,Developing ,29.44,8.89,43.3
Amravati,Achalpur,Morshi,19.48,29.22,42.86,68.3,31.7,15.33,2,High Opportunity ,27.87,8.39,43.1
Amravati,Achalpur,Daryapur,16.09,24.14,35.4,76.41,23.59,10.56,1,Developing ,23.11,7.02,43.6
Amravati,Warud,Warud Town,13.58,20.37,29.88,71.74,28.26,10.86,1,Developing ,19.52,5.94,43.7
Amravati,Warud,Anjangaon,15.88,23.81,34.93,62.97,37.03,11.24,2,High Opportunity ,22.73,6.85,43.1
Amravati,Warud,Tiwsa,14.14,21.21,31.11,71.04,28.96,10.02,1,Developing ,20.31,6.17,43.6
Amravati,Warud,Dharni,15.46,23.2,34.02,66.44,33.56,9.86,2,High Opportunity ,22.15,6.69,43.3
Amravati,Warud,Chikhaldara,18.37,27.55,40.41,71.44,28.56,11.88,1,Developing ,26.31,7.94,43.2
Ahmednagar,Ahmednagar City,Ahmednagar Station,22.08,33.12,48.58,62.87,37.13,16.54,2,High Opportunity ,31.52,9.44,42.8
Ahmednagar,Ahmednagar City,Savedi,21.17,31.75,46.57,78.23,21.77,14.34,1,Developing ,30.33,9.16,43.3
Ahmednagar,Ahmednagar City,Kedgaon,20.63,30.94,45.38,78.41,21.59,16.42,1,Developing ,29.56,8.93,43.3
Ahmednagar,Ahmednagar City,Bhingar,18.44,27.66,40.57,62.74,37.26,12.92,2,High Opportunity ,26.36,7.92,43.0
Ahmednagar,Ahmednagar City,Camp,19.67,29.51,43.28,79.39,20.61,15.24,1,Developing ,28.21,8.54,43.4
Ahmednagar,Shrirampur,Shrirampur Town,17.72,26.59,38.99,72.52,27.48,12.25,1,Developing ,25.4,7.68,43.3
Ahmednagar,Shrirampur,Belapur,21.39,32.09,47.06,70.2,29.8,15.64,1,Developing ,30.59,9.2,43.0
Ahmednagar,Shrirampur,Rahata,14.01,21.01,30.81,71.39,28.61,11.12,1,Developing ,20.13,6.12,43.7
Ahmednagar,Shrirampur,Kopargaon,16.4,24.6,36.08,75.85,24.15,11.97,1,Developing ,23.54,7.14,43.5
Ahmednagar,Shrirampur,Shirdi,23.07,34.61,50.76,79.05,20.95,17.81,1,Developing ,33.03,9.96,43.2
Ahmednagar,Sangamner,Sangamner Town,16.94,25.41,37.27,68.33,31.67,12.6,2,High Opportunity ,24.26,7.32,43.2
Ahmednagar,Sangamner,Akole,21.87,32.81,48.12,79.45,20.55,13.28,1,Developing ,31.33,9.46,43.3
Ahmednagar,Sangamner,Parner,12.89,19.33,28.36,74.62,25.38,10.11,1,Developing ,18.56,5.67,44.0
Ahmednagar,Sangamner,Shevgaon,24.97,37.45,54.93,76.94,23.06,17.15,1,Developing ,35.71,10.74,43.0
Ahmednagar,Sangamner,Pathardi,13.28,19.92,29.22,74.67,25.33,10.29,1,Developing ,19.11,5.83,43.9
Latur,Latur City,Latur Station,15.32,22.99,33.71,73.88,26.12,11.96,1,Developing ,22.0,6.68,43.6
Latur,Latur City,Ausa Road,10.55,15.83,23.21,75.92,24.08,6.95,1,Developing ,15.24,4.69,44.5
Latur,Latur City,Ganjgolai,14.5,21.75,31.9,62.91,37.09,10.24,2,High Opportunity ,20.77,6.27,43.2
Latur,Latur City,Harangul,16.79,25.19,36.94,75.85,24.15,10.64,1,Developing ,24.1,7.31,43.5
Latur,Latur City,Murud,10.95,16.42,24.08,77.42,22.58,7.93,1,Developing ,15.82,4.87,44.5
Latur,Udgir,Udgir Town,12.89,19.33,28.36,78.26,21.74,8.1,1,Developing ,18.58,5.69,44.1
Latur,Udgir,Ahmedpur,15.53,23.3,34.17,65.08,34.92,10.11,2,High Opportunity ,22.24,6.71,43.2
Latur,Udgir,Chakur,10.11,15.17,22.25,76.09,23.91,7.89,1,Developing ,14.62,4.51,44.6
Latur,Udgir,Deoni,18.13,27.2,39.89,63.16,36.84,12.48,2,High Opportunity ,25.92,7.79,43.0
Latur,Udgir,Nilanga,14.15,21.22,31.12,71.75,28.25,10.3,1,Developing ,20.33,6.18,43.7
Latur,Renapur,Renapur Town,15.09,22.64,33.2,65.0,35.0,11.61,2,High Opportunity ,21.62,6.53,43.3
Latur,Renapur,Shirur Anantpal,12.39,18.59,27.26,67.69,32.31,8.63,2,High Opportunity ,17.8,5.41,43.7
Latur,Renapur,Jalkot,12.85,19.27,28.26,71.44,28.56,9.19,1,Developing ,18.48,5.63,43.8
Latur,Renapur,Ausa,21.91,32.87,48.21,65.9,34.1,17.43,2,High Opportunity ,31.3,9.39,42.9
Latur,Renapur,Wadwani,17.9,26.85,39.38,65.49,34.51,12.77,2,High Opportunity ,25.61,7.71,43.1
Dhule,Dhule City,Dhule Station,14.86,22.29,32.69,72.89,27.11,9.06,1,Developing ,21.34,6.48,43.6
Dhule,Dhule City,Deopur,14.06,21.1,30.94,67.93,32.07,10.98,2,High Opportunity ,20.17,6.11,43.5
Dhule,Dhule City,Mohadi,10.86,16.29,23.9,73.98,26.02,7.83,1,Developing ,15.67,4.81,44.3
Dhule,Dhule City,Songir,11.52,17.28,25.35,70.73,29.27,8.34,2,High Opportunity ,16.59,5.07,44.0
Dhule,Dhule City,Laling,14.78,22.17,32.51,72.42,27.58,10.82,1,Developing ,21.22,6.44,43.6
Dhule,Shirpur,Shirpur Town,16.38,24.58,36.04,70.56,29.44,12.79,1,Developing ,23.48,7.1,43.3
Dhule,Shirpur,Sindkheda,14.46,21.7,31.82,64.18,35.82,9.95,2,High Opportunity ,20.72,6.26,43.3
Dhule,Shirpur,Sakri,13.8,20.69,30.35,72.65,27.35,8.53,1,Developing ,19.83,6.03,43.7
Dhule,Shirpur,Pimpalner,10.95,16.43,24.09,72.95,27.05,6.95,1,Developing ,15.79,4.84,44.2
Dhule,Shirpur,Nardana,9.32,13.98,20.51,68.79,31.21,7.4,2,High Opportunity ,13.45,4.13,44.3
Nanded,Nanded City,Nanded Station,14.37,21.56,31.61,76.27,23.73,11.01,1,Developing ,20.67,6.3,43.8
Nanded,Nanded City,Vazirabad,11.08,16.63,24.38,74.49,25.51,7.72,1,Developing ,15.99,4.91,44.3
Nanded,Nanded City,Asarjan,17.68,26.52,38.89,72.93,27.07,11.81,1,Developing ,25.34,7.66,43.3
Nanded,Nanded City,Shyam Nagar,9.38,14.07,20.64,77.26,22.74,5.89,1,Developing ,13.59,4.21,44.9
Nanded,Nanded City,Taroda,19.6,29.4,43.12,75.2,24.8,14.6,1,Developing ,28.08,8.48,43.3
Nanded,Deglur,Deglur Town,19.76,29.64,43.47,77.35,22.65,15.04,1,Developing ,28.32,8.56,43.3
Nanded,Deglur,Biloli,12.39,18.58,27.26,73.81,26.19,7.47,1,Developing ,17.84,5.45,44.0
Nanded,Deglur,Mukhed,14.44,21.66,31.77,67.1,32.9,10.61,2,High Opportunity ,20.71,6.27,43.4
Nanded,Deglur,Naigaon,16.07,24.1,35.35,69.69,30.31,12.29,2,High Opportunity ,23.04,6.97,43.4
Nanded,Deglur,Dharmabad,19.28,28.93,42.42,60.17,39.83,12.47,2,High Opportunity ,27.53,8.25,42.8
Nanded,Hadgaon,Hadgaon Town,8.3,12.45,18.26,75.68,24.32,5.91,1,Developing ,12.05,3.75,45.2
Nanded,Hadgaon,Himayatnagar,18.98,28.47,41.76,62.43,37.57,11.63,2,High Opportunity ,27.12,8.14,42.9
Nanded,Hadgaon,Kinwat,17.89,26.83,39.35,76.19,23.81,11.82,1,Developing ,25.66,7.77,43.4
Nanded,Hadgaon,Mahur,12.9,19.35,28.38,60.8,39.2,10.18,2,High Opportunity ,18.48,5.58,43.3
Nanded,Hadgaon,Bhokar,11.65,17.48,25.64,67.85,32.15,7.22,2,High Opportunity ,16.75,5.1,43.8
Jalna,Jalna City,Jalna Station,16.87,25.31,37.12,60.71,39.29,11.65,2,High Opportunity ,24.12,7.25,43.0
Jalna,Jalna City,Kadim Jalna,14.7,22.06,32.35,72.86,27.14,11.6,1,Developing ,21.11,6.41,43.6
Jalna,Jalna City,Mantha,12.19,18.29,26.82,72.85,27.15,7.69,1,Developing ,17.55,5.36,44.0
Jalna,Jalna City,Ambad,12.15,18.22,26.73,59.98,40.02,8.48,2,High Opportunity ,17.41,5.26,43.3
Jalna,Jalna City,Bhokardan,12.08,18.12,26.58,77.03,22.97,7.33,1,Developing ,17.42,5.34,44.2
Jalna,Partur,Partur Town,11.71,17.56,25.75,66.87,33.13,9.25,2,High Opportunity ,16.83,5.12,43.7
Jalna,Partur,Ghansawangi,16.55,24.83,36.42,59.99,40.01,12.2,2,High Opportunity ,23.66,7.11,43.0
Jalna,Partur,Jafrabad,13.44,20.17,29.58,77.56,22.44,9.03,1,Developing ,19.35,5.91,44.0
Jalna,Partur,Badnapur,11.98,17.97,26.36,61.8,38.2,7.48,2,High Opportunity ,17.18,5.2,43.4
Jalna,Partur,Sailu,16.48,24.72,36.26,67.09,32.91,12.07,2,High Opportunity ,23.6,7.12,43.2
Parbhani,Parbhani City,Parbhani Station,13.42,20.13,29.52,67.94,32.06,8.11,2,High Opportunity ,19.27,5.85,43.6
Parbhani,Parbhani City,Jintur,14.87,22.3,32.71,60.87,39.13,9.3,2,High Opportunity ,21.28,6.41,43.1
Parbhani,Parbhani City,Selu,12.65,18.97,27.82,57.37,42.63,9.53,2,High Opportunity ,18.11,5.46,43.2
Parbhani,Parbhani City,Gangakhed,9.07,13.61,19.96,60.32,39.68,7.02,2,High Opportunity ,13.05,3.98,43.9
Parbhani,Parbhani City,Pathri,10.29,15.43,22.63,58.95,41.05,8.03,2,High Opportunity ,14.77,4.48,43.5
Parbhani,Purna,Purna Town,7.03,10.54,15.46,73.17,26.83,4.42,1,Developing ,10.23,3.2,45.5
Parbhani,Purna,Manwath,8.3,12.45,18.26,61.01,38.99,5.27,2,High Opportunity ,11.96,3.66,44.1
Parbhani,Purna,Sonpeth,13.61,20.42,29.94,56.52,43.48,8.21,2,High Opportunity ,19.46,5.85,43.0
Parbhani,Purna,Palam,14.9,22.35,32.78,60.76,39.24,9.9,2,High Opportunity ,21.32,6.42,43.1
Parbhani,Purna,Sailu,8.74,13.11,19.23,57.05,42.95,6.54,2,High Opportunity ,12.56,3.82,43.7
Beed,Beed City,Beed Station,11.73,17.6,25.82,69.91,30.09,8.16,2,High Opportunity ,16.88,5.15,43.9
Beed,Beed City,Majalgaon,14.0,21.0,30.8,65.26,34.74,8.71,2,High Opportunity ,20.07,6.07,43.4
Beed,Beed City,Kaij,11.53,17.3,25.38,73.91,26.09,7.02,1,Developing ,16.62,5.09,44.1
Beed,Beed City,Georai,14.05,21.07,30.91,72.34,27.66,9.9,1,Developing ,20.19,6.14,43.7
Beed,Beed City,Ashti,11.12,16.68,24.47,74.28,25.72,6.81,1,Developing ,16.04,4.92,44.2
Beed,Ambajogai,Ambajogai Town,11.31,16.97,24.88,63.03,36.97,8.34,2,High Opportunity ,16.24,4.93,43.6
Beed,Ambajogai,Parli,11.41,17.12,25.11,73.19,26.81,7.01,1,Developing ,16.45,5.04,44.2
Beed,Ambajogai,Wadwani,7.73,11.59,17.0,67.17,32.83,4.74,2,High Opportunity ,11.19,3.46,44.8
Beed,Ambajogai,Dharur,9.48,14.21,20.85,67.66,32.34,6.73,2,High Opportunity ,13.67,4.19,44.2
Beed,Ambajogai,Shirur Kasar,9.93,14.89,21.84,74.89,25.11,7.01,1,Developing ,14.36,4.43,44.6
Osmanabad,Osmanabad City,Osmanabad Station,11.08,16.63,24.38,67.71,32.29,6.87,2,High Opportunity ,15.94,4.86,43.9
Osmanabad,Osmanabad City,Tuljapur,13.32,19.97,29.3,72.91,27.09,9.73,1,Developing ,19.16,5.84,43.8
Osmanabad,Osmanabad City,Umarga,13.92,20.88,30.63,70.14,29.86,8.95,2,High Opportunity ,19.99,6.07,43.6
Osmanabad,Osmanabad City,Kalamb,11.06,16.6,24.34,59.8,40.2,7.39,2,High Opportunity ,15.87,4.81,43.5
Osmanabad,Osmanabad City,Paranda,11.08,16.62,24.38,63.74,36.26,6.86,2,High Opportunity ,15.92,4.84,43.7
Osmanabad,Bhum,Bhum Town,10.84,16.26,23.85,68.97,31.03,7.32,2,High Opportunity ,15.61,4.77,44.0
Osmanabad,Bhum,Washi,8.37,12.56,18.42,74.38,25.62,5.13,1,Developing ,12.14,3.77,45.0
Osmanabad,Bhum,Lohara,14.49,21.73,31.87,56.96,43.04,8.97,2,High Opportunity ,20.72,6.23,43.0
Osmanabad,Bhum,Naldurg,13.65,20.47,30.03,72.05,27.95,9.71,1,Developing ,19.62,5.97,43.7
Osmanabad,Bhum,Omerga,12.28,18.42,27.01,66.79,33.21,8.18,2,High Opportunity ,17.64,5.36,43.6
Buldhana,Buldhana City,Buldhana Station,8.1,12.15,17.82,64.07,35.93,5.94,2,High Opportunity ,11.69,3.59,44.3
Buldhana,Buldhana City,Khamgaon,13.75,20.63,30.26,74.36,25.64,10.23,1,Developing ,19.77,6.02,43.8
Buldhana,Buldhana City,Malkapur,15.72,23.57,34.57,69.01,30.99,10.54,2,High Opportunity ,22.54,6.82,43.4
Buldhana,Buldhana City,Shegaon,12.2,18.3,26.84,61.25,38.75,8.92,2,High Opportunity ,17.49,5.29,43.4
Buldhana,Buldhana City,Nandura,9.02,13.53,19.84,59.16,40.84,6.94,2,High Opportunity ,12.97,3.95,43.8
Buldhana,Chikhli,Chikhli Town,10.31,15.46,22.68,72.25,27.75,7.37,1,Developing ,14.88,4.57,44.3
Buldhana,Chikhli,Mehkar,14.26,21.4,31.38,73.9,26.1,11.34,1,Developing ,20.5,6.24,43.8
Buldhana,Chikhli,Lonar,14.37,21.55,31.6,69.27,30.73,10.47,2,High Opportunity ,20.62,6.25,43.5
Buldhana,Chikhli,Deulgaon Raja,7.24,10.85,15.92,75.58,24.42,5.55,1,Developing ,10.54,3.3,45.6
Buldhana,Chikhli,Jalgaon Jamod,9.41,14.11,20.7,60.61,39.39,6.97,2,High Opportunity ,13.53,4.12,43.8
Akola,Akola City,Akola Station,11.09,16.63,24.4,64.8,35.2,6.67,2,High Opportunity ,15.94,4.85,43.7
Akola,Akola City,Old City,16.7,25.05,36.74,69.33,30.67,11.36,2,High Opportunity ,23.93,7.23,43.3
Akola,Akola City,Telhara,9.42,14.13,20.72,70.66,29.34,5.71,2,High Opportunity ,13.61,4.19,44.5
Akola,Akola City,Murtizapur,15.46,23.19,34.01,62.3,37.7,10.57,2,High Opportunity ,22.13,6.67,43.1
Akola,Akola City,Balapur,11.41,17.11,25.1,65.4,34.6,8.49,2,High Opportunity ,16.4,4.99,43.7
Akola,Akot,Akot Town,15.77,23.65,34.69,69.35,30.65,9.73,2,High Opportunity ,22.61,6.84,43.4
Akola,Akot,Patur,8.53,12.79,18.76,61.15,38.85,6.17,2,High Opportunity ,12.28,3.75,44.0
Akola,Akot,Barshitakli,14.74,22.11,32.43,63.44,36.56,10.8,2,High Opportunity ,21.11,6.37,43.2
Akola,Akot,Washim Road,12.86,19.28,28.28,66.84,33.16,8.42,2,High Opportunity ,18.46,5.6,43.5
Akola,Akot,Mangrulpir Nearby,15.55,23.32,34.21,60.28,39.72,10.67,2,High Opportunity ,22.24,6.69,43.0
Yavatmal,Yavatmal City,Yavatmal Station,8.55,12.82,18.81,68.57,31.43,5.96,2,High Opportunity ,12.36,3.81,44.6
Yavatmal,Yavatmal City,Digras,12.0,18.01,26.41,55.91,44.09,8.15,2,High Opportunity ,17.18,5.18,43.2
Yavatmal,Yavatmal City,Arni,11.39,17.09,25.07,55.15,44.85,7.52,2,High Opportunity ,16.31,4.92,43.2
Yavatmal,Yavatmal City,Pusad,7.9,11.85,17.38,57.74,42.26,5.14,2,High Opportunity ,11.37,3.47,43.9
Yavatmal,Yavatmal City,Darwha,8.95,13.43,19.7,55.15,44.85,6.71,2,High Opportunity ,12.84,3.89,43.5
Yavatmal,Wani,Wani Town,7.58,11.37,16.68,62.6,37.4,5.61,2,High Opportunity ,10.95,3.37,44.5
Yavatmal,Wani,Ralegaon,10.5,15.75,23.11,71.67,28.33,7.99,1,Developing ,15.15,4.65,44.3
Yavatmal,Wani,Kalamb,6.65,9.97,14.63,72.24,27.76,4.05,1,Developing ,9.69,3.04,45.7
Yavatmal,Wani,Ner,6.17,9.25,13.57,73.42,26.58,4.77,1,Developing ,9.01,2.84,46.0
Yavatmal,Wani,Babhulgaon,11.18,16.77,24.6,66.47,33.53,8.29,2,High Opportunity ,16.08,4.9,43.8
Chandrapur,Chandrapur City,Chandrapur Station,10.76,16.14,23.67,58.3,41.7,6.5,2,High Opportunity ,15.43,4.67,43.4
Chandrapur,Chandrapur City,Ballarpur,9.92,14.88,21.83,72.03,27.97,7.18,1,Developing ,14.33,4.41,44.5
Chandrapur,Chandrapur City,Mul,14.49,21.73,31.87,74.4,25.6,8.95,1,Developing ,20.82,6.33,43.7
Chandrapur,Chandrapur City,Warora,14.6,21.9,32.12,60.87,39.13,10.48,2,High Opportunity ,20.9,6.3,43.2
Chandrapur,Chandrapur City,Bhadravati,11.72,17.57,25.77,63.92,36.08,7.76,2,High Opportunity ,16.83,5.11,43.6
Chandrapur,Rajura,Rajura Town,10.06,15.08,22.12,62.66,37.34,6.37,2,High Opportunity ,14.47,4.41,43.8
Chandrapur,Rajura,Gondpimpri,11.59,17.39,25.51,58.28,41.72,8.14,2,High Opportunity ,16.61,5.02,43.3
Chandrapur,Rajura,Korpana,15.15,22.73,33.34,62.99,37.01,11.29,2,High Opportunity ,21.69,6.54,43.2
Chandrapur,Rajura,Jiwti,14.37,21.56,31.62,72.3,27.7,9.3,1,Developing ,20.64,6.27,43.6
Chandrapur,Rajura,Pombhurna,8.32,12.48,18.3,59.95,40.05,5.99,2,High Opportunity ,11.98,3.66,44.0
Wardha,Wardha City,Wardha Station,15.6,23.4,34.32,71.11,28.89,9.91,1,Developing ,22.38,6.78,43.5
Wardha,Wardha City,Arvi,15.73,23.59,34.6,67.88,32.12,11.81,2,High Opportunity ,22.54,6.81,43.3
Wardha,Wardha City,Ashti,15.6,23.4,34.32,66.98,33.02,12.24,2,High Opportunity ,22.35,6.75,43.3
Wardha,Wardha City,Deoli,13.64,20.47,30.02,70.71,29.29,9.89,2,High Opportunity ,19.6,5.96,43.7
Wardha,Wardha City,Hinganghat,16.64,24.96,36.61,70.54,29.46,10.49,1,Developing ,23.85,7.21,43.3
Wardha,Seloo,Seloo Town,8.68,13.02,19.1,66.84,33.16,5.73,2,High Opportunity ,12.53,3.85,44.4
Wardha,Seloo,Samudrapur,10.75,16.12,23.64,59.12,40.88,7.54,2,High Opportunity ,15.42,4.67,43.4
Wardha,Seloo,Karanja Ghadge,11.1,16.66,24.43,67.04,32.96,6.79,2,High Opportunity ,15.97,4.87,43.9
Wardha,Seloo,Sindi,16.32,24.48,35.9,59.53,40.47,12.61,2,High Opportunity ,23.33,7.01,43.0
Wardha,Seloo,Sewagram,16.55,24.83,36.42,70.3,29.7,11.61,2,High Opportunity ,23.72,7.17,43.3
Bhandara,Bhandara City,Bhandara Station,9.7,14.55,21.34,66.09,33.91,7.36,2,High Opportunity ,13.98,4.28,44.1
Bhandara,Bhandara City,Tumsar,13.17,19.75,28.97,63.99,36.01,10.04,2,High Opportunity ,18.89,5.72,43.4
Bhandara,Bhandara City,Pauni,11.21,16.82,24.67,61.43,38.57,7.79,2,High Opportunity ,16.09,4.88,43.5
Bhandara,Bhandara City,Mohadi,7.21,10.81,15.86,56.24,43.76,4.48,2,High Opportunity ,10.38,3.17,44.0
Bhandara,Bhandara City,Sakoli,13.19,19.79,29.02,61.87,38.13,9.8,2,High Opportunity ,18.9,5.71,43.3
Bhandara,Lakhani,Lakhani Town,10.04,15.05,22.08,58.45,41.55,6.52,2,High Opportunity ,14.41,4.37,43.5
Bhandara,Lakhani,Lakhandur,9.5,14.25,20.9,63.79,36.21,6.69,2,High Opportunity ,13.68,4.18,44.0
Bhandara,Lakhani,Sadak Arjuni,7.27,10.9,15.99,62.46,37.54,4.77,2,High Opportunity ,10.51,3.24,44.6
Bhandara,Lakhani,Amgaon,9.27,13.91,20.39,61.77,38.23,6.67,2,High Opportunity ,13.34,4.07,43.9
Bhandara,Lakhani,Korambi,12.31,18.47,27.09,67.95,32.05,7.55,2,High Opportunity ,17.69,5.38,43.7
Gondia,Gondia City,Gondia Station,5.85,8.78,12.87,67.57,32.43,3.84,2,High Opportunity ,8.52,2.67,45.6
Gondia,Gondia City,Tirora,11.51,17.27,25.33,67.13,32.87,8.99,2,High Opportunity ,16.55,5.04,43.8
Gondia,Gondia City,Goregaon,12.86,19.29,28.29,60.67,39.33,9.21,2,High Opportunity ,18.43,5.57,43.3
Gondia,Gondia City,Arjuni Morgaon,6.27,9.41,13.8,61.0,39.0,4.98,2,High Opportunity ,9.08,2.81,44.8
Gondia,Gondia City,Amgaon,11.29,16.93,24.83,61.84,38.16,8.12,2,High Opportunity ,16.21,4.92,43.6
Gondia,Deori,Deori Town,13.44,20.16,29.57,60.19,39.81,9.08,2,High Opportunity ,19.25,5.81,43.2
Gondia,Deori,Salekasa,12.12,18.19,26.67,70.26,29.74,8.9,2,High Opportunity ,17.44,5.32,43.9
Gondia,Deori,Sadak Arjuni,12.46,18.69,27.41,68.78,31.22,9.18,2,High Opportunity ,17.91,5.45,43.7
Gondia,Deori,Navjivan Nagar,9.74,14.61,21.42,66.92,33.08,6.67,2,High Opportunity ,14.04,4.3,44.1
Gondia,Deori,Darekasa,8.26,12.38,18.16,61.25,38.75,5.25,2,High Opportunity ,11.9,3.64,44.1
Sindhudurg,Sindhudurg,Kudal,10.57,15.86,23.25,74.95,25.05,7.37,1,Developing ,15.27,4.7,44.5
Sindhudurg,Sindhudurg,Sawantwadi,10.72,16.08,23.58,58.75,41.25,6.6,2,High Opportunity ,15.38,4.66,43.5
Sindhudurg,Sindhudurg,Vengurla,18.13,27.2,39.89,58.02,41.98,13.67,2,High Opportunity ,25.89,7.76,42.8
Sindhudurg,Sindhudurg,Malvan,18.02,27.03,39.65,73.67,26.33,10.95,1,Developing ,25.83,7.81,43.3
Sindhudurg,Sindhudurg,Devgad,12.04,18.06,26.49,71.33,28.67,7.54,1,Developing ,17.33,5.29,43.9
Sindhudurg,Kankavli,Kankavli Town,12.52,18.78,27.55,59.24,40.76,9.59,2,High Opportunity ,17.93,5.41,43.2
Sindhudurg,Kankavli,Vaibhavwadi,17.25,25.88,37.96,72.18,27.82,10.92,1,Developing ,24.73,7.48,43.4
Sindhudurg,Kankavli,Dodamarg,13.25,19.88,29.15,64.22,35.78,9.74,2,High Opportunity ,19.0,5.75,43.4
Sindhudurg,Kankavli,Banda,10.85,16.28,23.87,64.88,35.12,7.13,2,High Opportunity ,15.6,4.75,43.8
Sindhudurg,Kankavli,Shiroda,16.98,25.47,37.36,64.98,35.02,12.0,2,High Opportunity ,24.3,7.32,43.1
Gadchiroli,Gadchiroli City,Gadchiroli Town,6.48,9.71,14.25,65.79,34.21,4.5,2,High Opportunity ,9.41,2.93,45.2
Gadchiroli,Gadchiroli City,Armori,10.68,16.02,23.5,56.09,43.91,8.43,2,High Opportunity ,15.3,4.62,43.3
Gadchiroli,Gadchiroli City,Chamorshi,11.88,17.81,26.13,58.16,41.84,7.8,2,High Opportunity ,17.02,5.14,43.3
Gadchiroli,Gadchiroli City,Aheri,7.05,10.58,15.52,59.6,40.4,5.59,2,High Opportunity ,10.18,3.13,44.4
Gadchiroli,Gadchiroli City,Sironcha,10.54,15.8,23.18,65.63,34.37,6.62,2,High Opportunity ,15.17,4.63,43.9
Gadchiroli,Dhanora,Dhanora Town,6.0,9.0,13.2,62.11,37.89,4.65,2,High Opportunity ,8.7,2.7,45.0
Gadchiroli,Dhanora,Korchi,8.44,12.65,18.56,50.26,49.74,6.49,2,High Opportunity ,12.09,3.65,43.2
Gadchiroli,Dhanora,Kurkheda,10.81,16.21,23.78,54.27,45.73,8.14,2,High Opportunity ,15.48,4.67,43.2
Gadchiroli,Dhanora,Mulchera,6.18,9.27,13.6,67.92,32.08,3.89,2,High Opportunity ,8.99,2.81,45.5
Gadchiroli,Dhanora,Etapalli,7.5,11.25,16.5,68.82,31.18,4.83,2,High Opportunity ,10.87,3.37,44.9
Washim,Washim City,Washim Station,8.61,12.91,18.94,58.99,41.01,5.21,2,High Opportunity ,12.38,3.77,43.8
Washim,Washim City,Risod,5.43,8.14,11.94,62.04,37.96,3.51,2,High Opportunity ,7.89,2.46,45.3
Washim,Washim City,Malegaon,12.96,19.43,28.5,59.5,40.5,7.85,2,High Opportunity ,18.56,5.6,43.2
Washim,Washim City,Mangrulpir,12.45,18.67,27.38,68.78,31.22,9.09,2,High Opportunity ,17.9,5.45,43.8
Washim,Washim City,Karanja Lad,11.33,17.0,24.93,54.75,45.25,7.45,2,High Opportunity ,16.22,4.89,43.2
Washim,Manora,Manora Town,11.64,17.46,25.6,65.92,34.08,7.31,2,High Opportunity ,16.73,5.09,43.7
Washim,Manora,Shirpur Kasar,10.64,15.97,23.42,60.97,39.03,6.4,2,High Opportunity ,15.28,4.64,43.6
Washim,Manora,Ansing,5.63,8.45,12.39,57.12,42.88,4.32,2,High Opportunity ,8.14,2.51,44.6
Washim,Manora,Tondgaon,9.39,14.09,20.66,66.54,33.46,6.63,2,High Opportunity ,13.54,4.15,44.2
Washim,Manora,Pardi,5.89,8.83,12.96,57.76,42.24,3.89,2,High Opportunity ,8.52,2.63,44.7
Hingoli,Hingoli City,Hingoli Station,5.38,8.07,11.84,60.4,39.6,4.08,2,High Opportunity ,7.81,2.43,45.2
Hingoli,Hingoli City,Basmath,8.66,12.99,19.05,54.22,45.78,6.76,2,High Opportunity ,12.43,3.77,43.5
Hingoli,Hingoli City,Kalamnuri,9.77,14.66,21.5,52.33,47.67,6.87,2,High Opportunity ,13.99,4.22,43.2
Hingoli,Hingoli City,Sengaon,6.94,10.4,15.26,54.87,45.13,4.76,2,High Opportunity ,9.99,3.05,43.9
Hingoli,Hingoli City,Aundha Nagnath,9.92,14.88,21.82,56.81,43.19,6.78,2,High Opportunity ,14.23,4.31,43.4
Hingoli,Basmath,Basmath Town,10.31,15.47,22.69,53.71,46.29,8.2,2,High Opportunity ,14.76,4.45,43.2
Hingoli,Basmath,Jawala,5.54,8.31,12.19,62.52,37.48,3.89,2,High Opportunity ,8.05,2.51,45.3
Hingoli,Basmath,Goregaon,12.91,19.36,28.39,63.08,36.92,8.75,2,High Opportunity ,18.51,5.6,43.4
Hingoli,Basmath,Purna,8.76,13.14,19.27,64.71,35.29,6.97,2,High Opportunity ,12.63,3.87,44.2
Hingoli,Basmath,Sirsam,7.03,10.54,15.46,52.32,47.68,5.33,2,High Opportunity ,10.1,3.07,43.7
Nandurbar,Nandurbar City,Nandurbar Station,6.76,10.14,14.87,62.66,37.34,4.91,2,High Opportunity ,9.78,3.02,44.7
Nandurbar,Nandurbar City,Shahada,10.17,15.26,22.38,62.7,37.3,6.78,2,High Opportunity ,14.62,4.45,43.8
Nandurbar,Nandurbar City,Taloda,4.35,6.53,9.58,58.92,41.08,3.32,2,High Opportunity ,6.34,1.99,45.7
Nandurbar,Nandurbar City,Akkalkuwa,5.4,8.1,11.88,63.58,36.42,3.74,2,High Opportunity ,7.86,2.46,45.6
Nandurbar,Nandurbar City,Akrani,9.56,14.34,21.04,60.63,39.37,7.29,2,High Opportunity ,13.74,4.18,43.7
Nandurbar,Shahada,Shahada Town,4.5,6.76,9.91,63.52,36.48,3.11,2,High Opportunity ,6.58,2.08,46.2
Nandurbar,Shahada,Dhadgaon,6.35,9.52,13.96,48.88,51.12,4.06,2,High Opportunity ,9.11,2.76,43.5
Nandurbar,Shahada,Nawapur,4.34,6.5,9.54,66.67,33.33,3.05,2,High Opportunity ,6.37,2.03,46.8
Nandurbar,Shahada,Navapur,11.91,17.87,26.21,58.86,41.14,7.75,2,High Opportunity ,17.07,5.16,43.3
Nandurbar,Shahada,Prakasha,10.03,15.04,22.06,51.82,48.18,6.73,2,High Opportunity ,14.35,4.32,43.1
